上位のページ,クリック数,表示回数,CTR,掲載順位
https://ritotabi.com/destinations/miyako-island/running/,27,322,8.39%,4.97
https://ritotabi.com/destinations/ishigaki-island/running/,19,248,7.66%,7.53
https://ritotabi.com/destinations/yoron-island/beaches/,8,676,1.18%,28.47
https://ritotabi.com/hotels/miyako-island/,7,406,1.72%,6.77
https://ritotabi.com/destinations/yoron-island/running/,4,40,10%,5.6
https://ritotabi.com/destinations/aka-island/,2,245,0.82%,5.5
https://ritotabi.com/hotels/yoron-island/,2,134,1.49%,27.99
https://ritotabi.com/destinations/con-dao-island/,2,68,2.94%,9.12
https://ritotabi.com/hotels/con-dao-island/,2,67,2.99%,9.78
https://ritotabi.com/destinations/kume-island/,2,52,3.85%,6.33
https://ritotabi.com/en/hotels/con-dao-island/,2,44,4.55%,24.27
https://ritotabi.com/hotels/amami-island/,2,26,7.69%,9.92
https://ritotabi.com/hotels/okinawa-main/,2,18,11.11%,5.72
https://ritotabi.com/hotels/aka-island/,1,118,0.85%,20.1
https://ritotabi.com/hotels/ishigaki-island/,1,89,1.12%,7.3
https://ritotabi.com/destinations/miyako-island/,1,53,1.89%,7.4
https://ritotabi.com/,1,14,7.14%,10.5
https://ritotabi.com/destinations/yoron-island/,0,282,0%,54.91
https://ritotabi.com/en/destinations/con-dao-island/,0,111,0%,21.73
https://ritotabi.com/destinations/amami-island/,0,73,0%,11.1
https://ritotabi.com/hotels/kume-island/,0,37,0%,17.89
https://ritotabi.com/destinations/ishigaki-island/,0,24,0%,4.42
https://ritotabi.com/hotels/kume-island,0,14,0%,64.29
https://ritotabi.com/en/destinations/cham-island/,0,8,0%,5.88
https://ritotabi.com/destinations/cham-island/,0,4,0%,5.25
https://ritotabi.com/en/destinations/con-dao-island/running/,0,3,0%,1
https://ritotabi.com/profile/,0,2,0%,2.5
https://ritotabi.com/destinations/con-dao-island/running/,0,2,0%,6
https://ritotabi.com/images/destinations/kume-island/DSC00344_1500_1000.webp?width=3840,0,2,0%,6.5
https://ritotabi.com/images/destinations/con-dao-island/Bai_Nhat_01.JPG,0,2,0%,21
https://ritotabi.com/images/destinations/con-dao-island/Bai_Nhat_01.JPG?width=3840,0,1,0%,6
https://ritotabi.com/images/destinations/con-dao-island/LoVoiBeach_01.JPG?width=3840,0,1,0%,18
https://ritotabi.com/images/destinations/yoron-island/beaches/20251010_123908.JPG?width=3840,0,1,0%,22
https://ritotabi.com/images/destinations/con-dao-island/Bai_Nhat_04.JPG?width=3840,0,1,0%,29
https://ritotabi.com/images/destinations/kume-island/DSC00344_1500_1000.webp,0,1,0%,61